method,match_mode,mean_precision,mean_recall,mean_f1,min_f1
tcrdist3,cdr3+vj,0.6494222379436387,0.7813693162096494,0.7017543859649124,0.6666666666666667
tcrdist3,cdr3,0.6268518518518518,0.8120878167303021,0.7013411894918454,0.6832579185520362
giana,cdr3,0.5551656372824256,0.2220583130857341,0.28703478964401297,0.2375
giana,cdr3+vj,0.5418181818181818,0.20669906282540784,0.2711022840119166,0.22641509433962265
