method,epitope,epitope_short,n_clusters,cluster_member_total,cluster_member_target_epitope,cluster_member_other_epitope,match_mode,total,positives,precision,recall,f1,tp,fp,fn,predicted_positive,true_positive_total
giana,GLCTLVAML,GLC,94,24481,330,24151,cdr3,193,134,0.7307692307692307,0.1417910447761194,0.2375,19,7,115,26,134
giana,YLQPRTFLL,YLQ,108,24487,283,24204,cdr3,421,172,0.3795620437956204,0.3023255813953488,0.3365695792880259,52,85,120,137,172
giana,GLCTLVAML,GLC,94,24481,330,24151,cdr3+vj,193,134,0.72,0.13432835820895522,0.22641509433962265,18,7,116,25,134
giana,YLQPRTFLL,YLQ,108,24487,283,24204,cdr3+vj,421,172,0.36363636363636365,0.27906976744186046,0.31578947368421056,48,84,124,132,172
tcrdist3,GLCTLVAML,GLC,119,44998,679,44319,cdr3,193,134,0.6944444444444444,0.746268656716418,0.7194244604316546,100,44,34,144,134
tcrdist3,YLQPRTFLL,YLQ,52,44181,594,43587,cdr3,421,172,0.5592592592592592,0.877906976744186,0.6832579185520362,151,119,21,270,172
tcrdist3,GLCTLVAML,GLC,119,44998,679,44319,cdr3+vj,193,134,0.7424242424242424,0.7313432835820896,0.736842105263158,98,34,36,132,134
tcrdist3,YLQPRTFLL,YLQ,52,44181,594,43587,cdr3+vj,421,172,0.556420233463035,0.8313953488372093,0.6666666666666667,143,114,29,257,172
